Feature,Coefficient
battery,0.5818040037226934
charge,-0.47410916089234395
use,-0.3171765863092926
black,-0.15441455805043
raven,-0.1389092941468246
midnight,0.06217827613812017
mah,0.049488755115470545
blue,0.03103891082844034
