Feature,Coefficient
best,0.4892509139373884
return,-0.29066669957279245
life,0.2639214526961605
great,0.2541712288756947
good,0.1975139537825729
defective,-0.1636707024650244
camera,0.14140345499032925
purchase,-0.12105587024787076
android,0.11890514023273531
buy,-0.1089850520111951
look,0.07611727550892554
issue,-0.07201418554533869
amazon,-0.06445653247761303
