Feature,Coefficient
return,-0.20281249697065962
purchase,0.16334639637946688
problem,-0.14061114996271962
mi,0.12874954371338046
camera,0.11265717946442315
buy,-0.0516413122167722
charge,0.02899527638120457
work,-0.010998798923243914
hang,-0.010744742055985069
amazon,-0.007346634743576006
time,-0.004614918993486911
