Feature,Coefficient
camera,0.3967210125307286
life,0.261530146005177
charge,-0.13913527766711717
nice,0.10999514926152718
amazon,-0.05595421610387357
work,-0.04025275973129355
use,-0.002038893816600409
